;filename;section;text;techie;light
0;090.rtf;common;Заведующий химической лабораторией относится к категории руководителей.;1;0.04
1;090.rtf;common;На должность заведующего химической лабораторией назначается лицо, имеющее высшее профессиональное (техническое) образование и стаж работы по профилю не менее года или стаж работы в должности заведующего химической лабораторией не менее года.;1;0.05
2;090.rtf;common;Назначение на должность и освобождение от нее производится приказом директора предприятия.;1;0.28
3;090.rtf;common;Заведующий химической лабораторией должен знать:;1;0.04
4;090.rtf;common;Постановления, распоряжения, приказы и указания вышестоящих организаций, инструктивные, методические, нормативные и другие руководящие материалы по технологической подготовке производства.;1;0.64
5;090.rtf;common;Технологические процессы и режимы производства.;1;0.63
6;090.rtf;common;Оборудование лаборатории, принципы его работы и правила эксплуатации.;1;0.54
7;090.rtf;common;Перспективы технического развития предприятия.;1;0.49
8;090.rtf;common;Методы и организацию проведения научно-исследовательских работ.;1;0.24
9;090.rtf;common;Стандарты, технические условия, методики и инструкции по лабораторному контролю производства.;1;0.61
10;090.rtf;common;Основы экономики, научной организации труда, организации производства и управления.;1;0.47
11;090.rtf;common;Основы трудового законодательства.;1;0.22
12;090.rtf;common;Правила и нормы охраны труда, техники безопасности, производственной санитарии и противопожарной защиты.;1;0.3
13;090.rtf;common;Заведующий химической лабораторией подчиняется непосредственно;1;0.04
14;090.rtf;common;На время отсутствия заведующего химической лабораторией (болезнь, отпуск, командировка, пр.) его обязанности исполняет лицо, назначенное в установленном порядке, которое несет ответственность за надлежащее их исполнение.;1;0.07
15;090.rtf;tasks;Заведующий химической лабораторией:;1;0.04
16;090.rtf;tasks;Организует проведение химических анализов, обеспечивает лабораторный контроль соответствия качества сырья, материалов действующим стандартам и техническим условиям.;1;0.52
17;090.rtf;tasks;Возглавляет работу по разработке новых и совершенствованию существующих методов лабораторного контроля и оказывает помощь в их внедрении в производство.;1;0.72
18;090.rtf;tasks;Осуществляет контроль за состоянием лабораторного оборудования и рабочих мест сотрудников лаборатории и принимает меры по устранению имеющихся недостатков.;1;0.48
19;090.rtf;tasks;Контролирует качество отбора и обработки проб на содержание загрязняющих веществ и правильность расчетов.;1;0.55
20;090.rtf;tasks;Проводит совместную работу с контролирующими организациями по вопросам природоохранной деятельности.;1;0.26
21;090.rtf;tasks;Разрабатывает технические указания и инструкции по текущему контролю производства.;1;0.69
22;090.rtf;tasks;Организует ведение установленной документации.;1;0.35
23;090.rtf;tasks;Ведет переписку с другими организациями по вопросам лабораторного анализа.;1;0.22
24;090.rtf;tasks;Проводит и оформляет ежегодную инвентаризацию лабораторного оборудования.;1;0.37
25;090.rtf;tasks;. Разрабатывает текущие и годовые планы работы химической лаборатории.;1;0.19
26;090.rtf;tasks;. Контролирует соблюдение работниками правил охраны труда, техники безопасности, противопожарной защиты, производственной и трудовой дисциплины, правил внутреннего трудового распорядка.;1;0.22
27;090.rtf;rights;Заведующий химической лабораторией вправе:;1;0.04
28;090.rtf;rights;Вносить на рассмотрение руководства предприятия предложения по улучшению деятельности лаборатории, предприятия.;1;0.35
29;090.rtf;rights;Осуществлять взаимодействие с руководителями всех (отдельных) структурных подразделений предприятия.;1;0.44
30;090.rtf;rights;Подписывать и визировать документы в пределах своей компетенции.;1;0.21
31;090.rtf;rights;Вносить предложения о поощрении отличившихся работников, наложении взысканий на нарушителей производственной и трудовой дисциплины.;1;0.29
32;090.rtf;rights;Требовать от директора предприятия оказания содействия в исполнении своих должностных обязанностей и прав.;1;0.21
33;090.rtf;respons;Заведующий химической лабораторией несет ответственность:;1;0.06
34;090.rtf;respons;За ненадлежащее исполнение или неисполнение своих должностных обязанностей, предусмотренных настоящей должностной инструкцией - в пределах, определенных действующим трудовым законодательством Российской Федерации.;1;0.23
35;090.rtf;respons;За правонарушения, совершенные в процессе осуществления своей деятельности - в пределах, определенных действующим административным, уголовным и гражданским законодательством Российской Федерации.;1;0.26
36;090.rtf;respons;За причинение материального ущерба - в пределах, определенных действующим трудовым и гражданским законодательством Российской Федерации.;1;0.27
37;091.rtf;common;Заведующий хозяйством структурного подразделения относится к категории руководителей.;1;0.06
38;091.rtf;common;На должность заведующего хозяйством структурного подразделения назначается лицо, имеющее среднее профессиональное образование и стаж работы по хозяйственному обслуживанию не менее года или начальное профессиональное образование и стаж работы по хозяйственному обслуживанию не менее лет.;1;0.04
39;091.rtf;common;Назначение на должность заведующего хозяйством структурного подразделения и освобождение от нее производится приказом директора предприятия по;1;0.1
40;091.rtf;common;представлению;1;0.22
41;091.rtf;common;"(начальника хозяйственного отдела; иного должностного лица)";1;0.22
42;091.rtf;common;Заведующий хозяйством должен знать:;1;0.04
43;091.rtf;common;Постановления, распоряжения, приказы, другие руководящие и нормативные документы вышестоящих органов, касающиеся хозяйственного обслуживания предприятия и его подразделений.;1;0.36
44;091.rtf;common;Средства механизации труда обслуживающего персонала.;1;0.2
45;091.rtf;common;Правила эксплуатации помещений.;1;0.31
46;091.rtf;common;Основы организации труда.;1;0.21
47;091.rtf;common;Законодательство о труде и охране труда Российской Федерации.;1;0.21
48;091.rtf;common;Правила внутреннего трудового распорядка.;1;0.22
49;091.rtf;common;Правила и нормы охраны труда, техники безопасности, производственной санитарии и противопожарной защиты.;1;0.3
50;091.rtf;common;Заведующий хозяйством подчиняется;1;0.04
51;091.rtf;common;начальнику хозяйственного отдела,;1;0.24
52;091.rtf;common;иному должностному лицу);1;0.2
53;091.rtf;common;На время отсутствия заведующего хозяйством (болезнь, отпуск, пр.) его обязанности исполняет лицо, назначаемое в установленном порядке. Данное лицо приобретает соответствующие права и несет ответственность за качественное и своевременное выполнение возложенных на него обязанностей.;1;0.08
54;091.rtf;tasks;Заведующий хозяйством:;1;0.04
55;091.rtf;tasks;Осуществляет руководство работой по хозяйственному обслуживанию структурного подразделения предприятия.;1;0.42
56;091.rtf;tasks;Обеспечивает сохранность хозяйственного инвентаря, его восстановление и пополнение, а также соблюдение чистоты в помещениях и на прилегающей территории.;1;0.31
57;091.rtf;tasks;Следит за состоянием помещений и принимает меры по своевременному их ремонту.;1;0.25
58;091.rtf;tasks;Обеспечивает работников канцелярскими принадлежностями и предметами хозяйственного обихода.;1;0.24
59;091.rtf;tasks;Руководит работой обслуживающего персонала.;1;0.32
60;091.rtf;rights;Заведующий хозяйством вправе:;1;0.04
61;091.rtf;rights;Знакомиться с проектами решений директора предприятия и руководителя подразделения, касающихся хозяйственного обеспечения предприятия и подразделения.;1;0.38
62;091.rtf;rights;Вносить на рассмотрение директора предприятия, руководителя подразделения предложения по улучшению хозяйственного обеспечения предприятия, подразделения.;1;0.38
63;091.rtf;rights;Вносить на рассмотрение руководства предприятия предложения о поощрении подчиненных ему работников или о наложении на них взысканий.;1;0.35
64;091.rtf;rights;Подписывать и визировать документы в пределах своей компетенции.;1;0.21
65;091.rtf;respons;Заведующий хозяйством несет ответственность:;1;0.06
66;091.rtf;respons;За ненадлежащее исполнение или неисполнение своих должностных обязанностей, предусмотренных настоящей должностной инструкцией - в пределах, определенных действующим трудовым законодательством Российской Федерации.;1;0.23
67;091.rtf;respons;За правонарушения, совершенные в процессе осуществления своей деятельности - в пределах, определенных действующим административным, уголовным и гражданским законодательством Российской Федерации.;1;0.26
68;091.rtf;respons;За причинение материального ущерба - в пределах, определенных действующим трудовым и гражданским законодательством Российской Федерации.;1;0.27
69;092.rtf;common;Заведующая машинописным бюро относится к категории руководителей.;1;0.03
70;092.rtf;common;На должность заведующей машинописным бюро назначается лицо, имеющее среднее профессиональное образование без предъявления требований к стажу работы или начальное профессиональное образование и стаж работы по специальности не менее лет.;1;0.02
71;092.rtf;common;Назначение на должность заведующей машинописным бюро и освобождение от нее;1;0.03
72;092.rtf;common;производится приказом директора предприятия по представлению;1;0.31
73;092.rtf;common;Заведующая машинописным бюро должен знать:;1;0.03
74;092.rtf;common;Постановления, распоряжения, приказы, другие руководящие и нормативные документы вышестоящих и других органов, касающиеся ведения делопроизводства.;1;0.19
75;092.rtf;common;Основные положения Единой государственной системы делопроизводства.;1;0.22
76;092.rtf;common;Машинопись.;1;0.22
77;092.rtf;common;Порядок учета машинописных работ.;1;0.25
78;092.rtf;common;Правила орфографии и пунктуации.;1;0.22
79;092.rtf;common;Порядок расположения материала при печатании различных документов.;1;0.2
80;092.rtf;common;Стандарты унифицированной системы организационно-распорядительной документации.;1;0.23
81;092.rtf;common;Правила эксплуатации пишущих машинок, диктофонов.;1;0.31
82;092.rtf;common;. Правила внутреннего трудового распорядка.;1;0.22
83;092.rtf;common;. Законодательство о труде.;1;0.21
84;092.rtf;common;. Правила и нормы охраны труда.;1;0.21
85;092.rtf;common;Заведующая машинописным бюро подчиняется;1;0.03
86;092.rtf;common;"(директору предприятия;";1;0.31
87;092.rtf;common;заведующему канцелярией, начальнику отдела документационного обеспечения);1;0.03
88;092.rtf;common;На время отсутствия заведующей машинописным бюро (болезнь, отпуск, командировка, пр.) ее обязанности исполняет лицо, назначенное приказом директора предприятия, которое приобретает соответствующие права и несет ответственность за качественное и своевременное исполнение возложенных на него обязанностей.;1;0.07
89;092.rtf;tasks;Заведующая машинописным бюро:;1;0.03
90;092.rtf;tasks;Осуществляет руководство работой персонала машинописного бюро.;1;0.16
91;092.rtf;tasks;Принимает материал для печатания, распределяет его между машинистками, ведет учет выработки, сдает выполненную работу.;1;0.23
92;092.rtf;tasks;Обеспечивает контроль за сроками и качеством выполнения машинописных работ, сохранность принимаемых документов и фонограмм.;1;0.12
93;092.rtf;tasks;Обеспечивает машинисток необходимым для работы материалом.;1;0.24
94;092.rtf;tasks;Следит за состоянием пишущих машинок, диктофонов и принимает меры по устранению их неисправностей.;1;0.2
95;092.rtf;tasks;В свободное от перечисленных обязанностей время выполняет машинописные работы.;1;0.27
96;092.rtf;rights;Заведующая машинописным бюро имеет право:;1;0.06
97;092.rtf;rights;Запрашивать дополнительную информацию от руководителей структурных подразделений, необходимую для надлежащего выполнения порученных ими машинописных работ.;1;0.39
98;092.rtf;rights;Подписывать и визировать документы в пределах своей компетенции.;1;0.21
99;092.rtf;rights;Сообщать руководителям структурных подразделений о выявленных в возглавляемых ими подразделениях недостатках.;1;0.28
100;092.rtf;rights;Требовать от директора предприятия и руководителей структурных подразделений оказания содействия в исполнении своих должностных прав и обязанностей.;1;0.27
101;092.rtf;respons;Заведующая машинописным бюро несет ответственность:;1;0.04
102;092.rtf;respons;За ненадлежащее исполнение или неисполнение своих должностных обязанностей, предусмотренных настоящей должностной инструкцией - в пределах, определенных действующим трудовым законодательством Российской Федерации.;1;0.23
103;092.rtf;respons;За правонарушения, совершенные в процессе осуществления своей деятельности - в пределах, определенных действующим административным, уголовным и гражданским законодательством Российской Федерации.;1;0.26
104;092.rtf;respons;За причинение материального ущерба - в пределах, определенных действующим трудовым и гражданским законодательством Российской Федерации.;1;0.27
105;093.rtf;common;Заместитель директора по капитальному строительству относится к категории руководителей.;1;0.18
106;093.rtf;common;На должность заместителя директора по капитальному строительству назначается лицо, имеющее высшее профессиональное (техническое) образование и стаж работы на руководящих должностях в области капитального строительства не менее лет.;1;0.2
107;093.rtf;common;Назначение на должность заместителя директора по капитальному строительству и освобождение от нее производится приказом директора предприятия.;1;0.3
108;093.rtf;common;Заместитель директора по капитальному строительству должен знать:;1;0.18
109;093.rtf;common;"Законодательные и нормативные правовые акты, определяющие направления развития соответствующей отрасли производства; распорядительные и нормативные материалы других органов по вопросам капитального строительства, а также касающиеся деятельности предприятия.";1;0.84
110;093.rtf;common;Профиль, специализацию и особенности структуры предприятия.;1;0.41
111;093.rtf;common;Перспективы технического и экономического развития предприятия.;1;0.49
112;093.rtf;common;Производственные мощности предприятия.;1;0.43
113;093.rtf;common;Основы технологии производства продукции предприятия.;1;0.6
114;093.rtf;common;Порядок разработки и утверждения планов капитального строительства как раздела бизнес-плана предприятия.;1;0.6
115;093.rtf;common;Технологию производства и способы ведения строительных работ.;1;0.43
116;093.rtf;common;Требования организации труда при проектировании строительных объектов.;1;0.37
117;093.rtf;common;Порядок финансирования капитальных вложений и привлечения инвесторов.;1;0.22
118;093.rtf;common;. Строительные нормы и правила.;1;0.22
119;093.rtf;common;. Порядок разработки и оформления проектно-сметной и другой технической документации, ведения учета и составления отчетов о деятельности предприятия в области капитального строительства.;1;0.79
120;093.rtf;common;. Порядок заключения и исполнения хозяйственных и финансовых договоров.;1;0.33
121;093.rtf;common;. Научно-технические достижения в соответствующей отрасли производства и опыт передовых предприятий в области капитального строительства.;1;0.84
122;093.rtf;common;. Экономику, организацию производства, труда и управления.;1;0.47
123;093.rtf;common;. Правила и нормы охраны труда, техники безопасности, производственной санитарии и противопожарной защиты.;1;0.3
124;093.rtf;common;.;1;0.22
125;093.rtf;common;Заместитель директора по капитальному строительству подчиняется непосредственно директору предприятия.;1;0.67
126;093.rtf;tasks;Заместитель директора по капитальному строительству:;1;0.18
127;093.rtf;tasks;Обеспечивает выполнение работ по капитальному строительству на предприятии, целевое и рациональное использование инвестиционных ресурсов, направляя средства на техническое перевооружение и реконструкцию предприятия, их концентрацию на пусковых объектах, сокращение объема незавершенного строительства.;1;0.73
128;093.rtf;tasks;Возглавляет работу по улучшению и удешевлению проектно-изыскательных работ, совершенствованию организации производства и внедрению прогрессивных методов строительства, сокращению издержек на осуществление строительных работ и повышению качества, а также сокращению сроков их проведения.;1;0.74
129;093.rtf;tasks;Руководит разработкой перспективных и  текущих планов капитального строительства, реконструкции и расширения предприятия, а также планов ввода в эксплуатацию основных производственных средств, площадей и мощностей, объектов жилищного, коммунального и культурно-бытового назначения, составлением заявок на строительные материалы и оборудование для вновь вводимых объектов, титульных списков на строительство, обеспечивает выполнение работ, предусмотренных в титульных списках, сокращение сроков окупаемости капитальных вложений.;1;0.96
130;093.rtf;tasks;Участвует в составлении бизнес-планов в части технического перевооружения и эффективности производства, в определении необходимых финансовых средств, в том числе инвесторов, для строительства, проектирования и приобретения оборудования, а также источников финансирования капитальных вложений, подрядных организаций для выполнения работ по капитальному строительству в условиях рыночных методов хозяйствования.;1;0.89
131;093.rtf;tasks;Принимает меры по своевременному заключению хозяйственных и финансовых договоров с подрядными организациями на проектно-изыскательские и строительно-монтажные работы, с предприятиями - на приобретение материалов и оборудования.;1;0.67
132;093.rtf;tasks;Следит за выполнением проектных и строительными организациями договорных обязательств, в необходимых случаях предъявляет санкции, предусмотренные договорами, не допускает применения строительных материалов, деталей и изделий, удорожающих строительство и не отвечающих стандартам и техническим условиям.;1;0.59
133;093.rtf;tasks;Обеспечивает выдачу всех необходимых для разработки проектно-сметной документации материалов по объектам  строительства и реконструкции.;1;0.52
134;093.rtf;tasks;Согласовывает задания на проектирование и готовит их к утверждению вышестоящими организациями.;1;0.42
135;093.rtf;tasks;Организует оформление банковских операций по заключенным договорам с заказчиками и подрядными организациями и обеспечивает представление в установленные сроки необходимой документации по строительству объектов, выполняемому подрядным или хозяйственным способом.;1;0.42
136;093.rtf;tasks;. Обеспечивает контроль за:;1;0.33
137;093.rtf;tasks;. Своевременностью выдачи проектно-сметной и другой технической документации для производства строительных работ.;1;0.74
138;093.rtf;tasks;. Целевым использованием инвестиционных средств.;1;0.24
139;093.rtf;tasks;. Соблюдением установленных норм продолжительности строительства и сроков ввода в действие производственных мощностей и основных фондов.;1;0.29
140;093.rtf;tasks;. Своевременностью выполнения заданий по капитальному строительству.;1;0.43
141;093.rtf;tasks;. Соблюдением требований законодательства об охране окружающей среды.;1;0.17
142;093.rtf;tasks;. Обеспечивает технический надзор и контроль:;1;0.51
143;093.rtf;tasks;. За сроками и качеством выполнения всех строительно-монтажных и других строительных работ.;1;0.19
144;093.rtf;tasks;. За соответствием строительно-монтажных работ утвержденной проектно-сметной документации, строительным нормам и правилам, стандартам и техническим условиям, нормам техники безопасности, производственной санитарии и противопожарной защиты, требованиям организации труда.;1;0.49
145;093.rtf;tasks;. Согласовывает с органами, осуществляющими технический надзор, вопросы, связанные с установкой, испытанием и регистрацией оборудования на строительных площадках.;1;0.47
146;093.rtf;tasks;. Контролирует расходование средств, выделенных на приобретение оборудования в соответствии с титульным списком, соблюдение правил хранения и качество консервации неустановленного оборудования.;1;0.44
147;093.rtf;tasks;. Совместно с подрядными организациями проводит работу по сдаче, приемке и вводу в эксплуатацию объектов, законченных строительством.;1;0.39
148;093.rtf;tasks;. Содействует внедрению рационализаторских предложений и усовершенствований, удешевляющих стоимость и сокращающих сроки строительства, сокращению сроков окупаемости капитальных вложений (без снижения прочности конструкций и ухудшения качества строительных работ).;1;0.47
149;093.rtf;tasks;. Обеспечивает внедрение прогрессивных форм организации труда, целесообразное использование профессионально-квалификационного потенциала работников, занятых в подчиненных ему подразделениях.;1;0.35
150;093.rtf;tasks;. Организует работу по ведению учета и составлению отчетности по капитальному строительству.;1;0.48
151;093.rtf;tasks;. Руководит работой отдела (управления) капитального строительства и координирует деятельность подчиненных ему подразделений.;1;0.6
152;093.rtf;tasks;.;1;0.19
153;093.rtf;rights;Заместитель директора по капитальному строительству имеет право:;1;0.3
154;093.rtf;rights;Действовать от имени предприятия, представлять интересы предприятия во взаимоотношениях с иными структурными подразделениями предприятия, организациями и органами государственной власти по вопросам капитального строительства.;1;0.55
155;093.rtf;rights;Запрашивать и получать от руководителей структурных подразделений предприятия и специалистов необходимую информацию.;1;0.55
156;093.rtf;rights;Проверять деятельность подчиненных ему структурных подразделений предприятия.;1;0.42
157;093.rtf;rights;Давать руководителям структурных подразделений предприятия указания, по вопросам капитального строительства.;1;0.55
158;093.rtf;rights;"В пределах своей компетенции подписывать и визировать документы; издавать за своей подписью распоряжения по предприятию по вопросам капитального строительства.";1;0.46
159;093.rtf;rights;Самостоятельно вести переписку со структурными подразделениями предприятия а также иными организациями по вопросам, входящим в его компетенцию.;1;0.64
160;093.rtf;rights;Вносить предложения директору предприятия о привлечении к материальной и дисциплинарной ответственности должностных лиц по результатам проверок.;1;0.31
161;093.rtf;respons;Заместитель директора по капитальному строительству несет ответственность:;1;0.24
162;093.rtf;respons;За ненадлежащее исполнение или неисполнение своих должностных обязанностей, предусмотренных настоящей должностной инструкцией - в пределах, определенных действующим трудовым законодательством Российской Федерации.;1;0.23
163;093.rtf;respons;За правонарушения, совершенные в процессе осуществления своей деятельности - в пределах, определенных действующим административным, уголовным и гражданским законодательством Российской Федерации.;1;0.26
164;093.rtf;respons;За причинение материального ущерба - в пределах, определенных действующим трудовым и гражданским законодательством Российской Федерации.;1;0.27
165;094.rtf;common;Заместитель директора по коммерческим вопросам относится к категории руководителей.;1;0.12
166;094.rtf;common;На должность заместителя директора по коммерческим вопросам назначается лицо, имеющее высшее профессиональное (экономическое или инженерно-экономическое) образование и стаж экономической работы на руководящих должностях не менее лет.;1;0.08
167;094.rtf;common;Назначение на должность заместителя директора по коммерческим вопросам и освобождение от нее производится приказом директора предприятия.;1;0.21
168;094.rtf;common;Заместитель директора по коммерческим вопросам должен знать:;1;0.12
169;094.rtf;common;Законодательные и нормативные правовые акты, определяющие направления развития соответствующей отрасли производства и финансово-экономической деятельности предприятия.;1;0.66
170;094.rtf;common;Профиль, специализацию, особенности структуры предприятия.;1;0.41
171;094.rtf;common;Перспективы технического и финансово-экономического положения предприятия.;1;0.49
172;094.rtf;common;Производственные мощности предприятия.;1;0.43
173;094.rtf;common;Основы технологии производства продукции предприятия.;1;0.6
174;094.rtf;common;Порядок разработки и утверждения планов производственно-хозяйственной и финансово-экономической деятельности предприятия.;1;0.47
175;094.rtf;common;Рыночные методы хозяйствования и финансового менеджмента предприятия.;1;0.52
176;094.rtf;common;Порядок ведения учета и составления отчетов о хозяйственно- финансовой деятельности предприятия.;1;0.55
177;094.rtf;common;Организацию погрузочно-разгрузочных работ.;1;0.22
178;094.rtf;common;. Порядок разработки нормативов оборотных средств, норм расхода и запасов товарно-материальных ценностей.;1;0.38
179;094.rtf;common;. Порядок заключения и исполнения хозяйственных и финансовых договоров.;1;0.33
180;094.rtf;common;. Экономику, организацию производства, труда и управления.;1;0.47
181;094.rtf;common;. Правила и нормы охраны труда, техники безопасности, производственной санитарии и противопожарной защиты.;1;0.3
182;094.rtf;common;Заместитель директора по коммерческим вопросам подчиняется непосредственно директору предприятия.;1;0.55
183;094.rtf;tasks;Заместитель директора по коммерческим вопросам:;1;0.12
184;094.rtf;tasks;Осуществляет руководство финансово-хозяйственной деятельностью предприятия в области материально-технического обеспечения, заготовки и хранения сырья, сбыта продукции на рынке и по договорам поставки, транспортного и административно-хозяйственного обслуживания, обеспечивая эффективное и целевое использование материальных и финансовых ресурсов, снижение их потерь, ускорение оборачиваемости оборотных средств.;1;0.47
185;094.rtf;tasks;Организует участие подчиненных ему служб и структурных подразделений:;1;0.33
186;094.rtf;tasks;В составлении перспективных и текущих планов производства и реализации продукции.;1;0.43
187;094.rtf;tasks;В определении долговременной стратегии коммерческой деятельности и финансовых планов предприятия.;1;0.45
188;094.rtf;tasks;В разработке стандартов по материально-техническому обеспечению качества продукции, организации хранения и транспортирования сырья, сбыту готовой продукции.;1;0.34
189;094.rtf;tasks;Принимает меры по своевременному заключению хозяйственных и финансовых договоров с поставщиками и потребителями сырья и продукции, расширению прямых и длительных хозяйственных связей, обеспечивает выполнение договорных обязательств по поставкам продукции (по количеству, номенклатуре, ассортименту, качеству, срокам и другим условиям поставок).;1;0.15
190;094.rtf;tasks;Осуществляет контроль за:;1;0.29
191;094.rtf;tasks;Реализацией продукции.;1;0.19
192;094.rtf;tasks;Материально-техническим обеспечением предприятия.;1;0.52
193;094.rtf;tasks;Финансовыми и экономическим показателями деятельности предприятия.;1;0.45
194;094.rtf;tasks;Расходованием оборотных средств и целевым использованием банковского кредита.;1;0.34
195;094.rtf;tasks;Прекращением производства продукции, не имеющий сбыта.;1;0.43
196;094.rtf;tasks;Обеспечивает своевременную выплату заработной платы рабочим и служащим.;1;0.13
197;094.rtf;tasks;Руководит разработкой мер по:;1;0.36
198;094.rtf;tasks;Ресурсосбережению и комплексному использованию материальных ресурсов.;1;0.21
199;094.rtf;tasks;Совершенствованию нормирования расхода сырья, материалов, оборотных средств и запасов материальных ценностей.;1;0.16
200;094.rtf;tasks;Улучшению экономических показателей и формированию системы экономических индикаторов работы предприятия.;1;0.34
201;094.rtf;tasks;Повышению эффективности производства.;1;0.46
202;094.rtf;tasks;Укреплению финансовой дисциплины.;1;0.28
203;094.rtf;tasks;Предупреждению образования и ликвидации сверхнормативных запасов товарно-материальных ценностей, а также перерасхода материальных ресурсов.;1;0.22
204;094.rtf;tasks;Участвует от имени предприятия в ярмарках, торгах, на выставках, биржах по рекламированию и реализации выпускаемой продукции.;1;0.55
205;094.rtf;tasks;Контролирует соблюдение дисциплины при выполнении заданий и обязательств по поставкам продукции и их соответствие хозяйственным договорам, изучает рыночную конъюнктуру на выпускаемые предприятием изделия.;1;0.47
206;094.rtf;tasks;Организует работу складского хозяйства, создает условия для надлежащего хранения и сохранности материальных ресурсов и готовой продукции.;1;0.31
207;094.rtf;tasks;. Обеспечивает рациональное использование всех видов транспорта, совершенствование погрузочно-разгрузочных работ, принимает меры к максимальному оснащению этой службы необходимыми механизмами и приспособлениями.;1;0.22
208;094.rtf;tasks;. Организует работу по использованию и реализации вторичных ресурсов и побочных продуктов.;1;0.28
209;094.rtf;tasks;. Обеспечивает своевременное составление сметно-финансовых и других документов, расчетов, установленной отчетности о выполнении планов по сбыту готовой продукции, финансовой деятельности, материально-технического снабжения и работы транспорта.;1;0.63
210;094.rtf;tasks;. Координирует работу подчиненных ему служб и подразделений.;1;0.24
211;094.rtf;tasks;. На время отсутствия директора предприятия (командировка, отпуск, болезнь, пр.) приобретаетего;1;0.45
212;094.rtf;tasks;права и исполняет его обязанности по следующим направлениям:;1;0.22
213;094.rtf;rights;Заместитель директора по коммерческим вопросам имеет право:;1;0.2
214;094.rtf;rights;Действовать от имени предприятия, представлять интересы предприятия во взаимоотношениях с иными структурными подразделениями предприятия, организациями и органами государственной власти по коммерческим вопросам.;1;0.42
215;094.rtf;rights;Запрашивать и получать от руководителей структурных подразделений предприятия и специалистов необходимую информацию.;1;0.55
216;094.rtf;rights;Проверять деятельность снабженческо-сбытовых и иных подчиненных ему структурных подразделений предприятия.;1;0.42
217;094.rtf;rights;Участвовать в подготовке проектов приказов, инструкций, указаний, а также смет, договоров и других документов, связанных с финансово-хозяйственной деятельностью предприятия.;1;0.69
218;094.rtf;rights;Давать руководителям структурных подразделений предприятия указания, по коммерческим вопросам.;1;0.42
219;094.rtf;rights;"В пределах своей компетенции подписывать и визировать документы; издавать за своей подписью распоряжения по предприятию по коммерческим вопросам.";1;0.34
220;094.rtf;rights;Самостоятельно вести переписку со структурными подразделениями предприятия а также иными организациями по вопросам, входящим в его компетенцию.;1;0.64
221;094.rtf;rights;Вносить предложения директору предприятия о привлечении к материальной и дисциплинарной ответственности должностных лиц по результатам проверок.;1;0.31
222;094.rtf;respons;Заместитель директора по коммерческим вопросам несет ответственность:;1;0.16
223;094.rtf;respons;За ненадлежащее исполнение или неисполнение своих должностных обязанностей, предусмотренных настоящей должностной инструкцией - в пределах, определенных действующим трудовым законодательством Российской Федерации.;1;0.23
224;094.rtf;respons;За правонарушения, совершенные в процессе осуществления своей деятельности - в пределах, определенных действующим административным, уголовным и гражданским законодательством Российской Федерации.;1;0.26
225;094.rtf;respons;За причинение материального ущерба - в пределах, определенных действующим трудовым и гражданским законодательством Российской Федерации.;1;0.27
226;095.rtf;common;Заместитель директора по управлению персоналом относится к категории руководителей.;1;0.12
227;095.rtf;common;На должность заместителя директора по управлению персоналом назначается лицо, имеющее высшее профессиональное образование и стаж работы по специальности на руководящих и других должностях по управлению персоналом не менее лет.;1;0.08
228;095.rtf;common;Назначение на должность заместителя директора по управлению персоналом и освобождение от нее производится приказом директора предприятия.;1;0.15
229;095.rtf;common;Заместитель директора по управлению персоналом должен знать:;1;0.12
230;095.rtf;common;Законодательные и нормативные правовые акты, методические материалы, касающиеся вопросов труда и социального развития.;1;0.19
231;095.rtf;common;Цели, стратегию развития и бизнес-план предприятия.;1;0.4
232;095.rtf;common;Методику планирования и прогнозирования потребности в персонале.;1;0.19
233;095.rtf;common;Методы анализа количественного и качественного состава работающих.;1;0.22
234;095.rtf;common;Систему стандартов по труду, трудовых и социальных нормативов.;1;0.21
235;095.rtf;common;Порядок заключения трудовых договоров, тарифных соглашений и регулирования трудовых споров.;1;0.22
236;095.rtf;common;Трудовое законодательство.;1;0.22
237;095.rtf;common;Экономику, социологию и психологию труда.;1;0.21
238;095.rtf;common;Современные теории управления персоналом и его мотивации.;1;0.23
239;095.rtf;common;. Формы и системы оплаты труда, его стимулирования.;1;0.21
240;095.rtf;common;. Методы оценки работников и результатов их труда.;1;0.21
241;095.rtf;common;. Передовые технологии кадровой работы.;1;0.22
242;095.rtf;common;. Стандарты и унифицированные формы кадровой документации.;1;0.22
243;095.rtf;common;. Основы технологии производства.;1;0.43
244;095.rtf;common;. Экономику и организацию производства.;1;0.44
245;095.rtf;common;. Средства вычислительной техники, коммуникаций и связи.;1;0.26
246;095.rtf;common;. Правила и нормы охраны труда.;1;0.21
247;095.rtf;common;.;1;0.22
248;095.rtf;common;Заместитель директора по управлению персоналом подчиняется непосредственно директору предприятия.;1;0.44
249;095.rtf;tasks;Заместитель директора по управлению персоналом:;1;0.12
250;095.rtf;tasks;Организует управление формированием, использованием и развитием персонала предприятия на основе максимальной реализации трудового потенциала каждого работника.;1;0.36
251;095.rtf;tasks;Возглавляет работу по формированию кадровой политики, определению ее основных направлений в соответствии со стратегией развития предприятий и мер по ее реализации.;1;0.36
252;095.rtf;tasks;Принимает участие в разработке бизнес-планов предприятия в части обеспечения его трудовыми ресурсами.;1;0.45
253;095.rtf;tasks;Организует проведение исследований, разработку и реализацию комплекса планов и программ по работе с персоналом с целью привлечения и закрепления на предприятии работников требуемых специальностей и квалификации на основе применения научных методов прогнозирования и планирования потребности в кадрах, с учетом обеспечения сбалансированности развития производственной и социальной сферы, рационального использования кадрового потенциала с учетом перспектив его развития и расширения самостоятельности в новых экономических условиях.;1;0.63
254;095.rtf;tasks;Проводит работу по формированию и подготовке резерва кадров для выдвижения на руководящие должности на основе политики планирования карьеры, создания системы непрерывной подготовки персонала.;1;0.21
255;095.rtf;tasks;Организует и координирует разработку комплекса мер по повышению трудовой мотивации работников всех категорий на основе реализации гибкой политики материального стимулирования, улучшения условий труда, повышения его содержательности и престижности, рационализации структур и штатов, укрепления дисциплины труда.;1;0.65
256;095.rtf;tasks;Определяет направления работы по управлению социальными процессами на предприятии, созданию благоприятного социально-психологического климата в коллективе, стимулированию и развитию форм участия работников в управлении производством, созданию социальных гарантий, условий для утверждения здорового образа жизни, повышения содержательности использования свободного времени трудящихся в целях повышения их трудовой отдачи.;1;0.7
257;095.rtf;tasks;Обеспечивает организацию и координацию проведения исследований по созданию нормативно-методической базы управления персоналом, изучению и обобщению передового опыта в области нормирования и организации труда, оценки персонала, профотбора и профориентации, внедрение методических и нормативных разработок в практику.;1;0.69
258;095.rtf;tasks;Контролирует соблюдение норм трудового законодательства в работе с персоналом.;1;0.14
259;095.rtf;tasks;. Консультирует вышестоящее руководство, а также руководителей подразделений по всем вопросам, связанным с персоналом.;1;0.34
260;095.rtf;tasks;. Обеспечивает периодическую подготовку и своевременное предоставление аналитических материалов по социальным и кадровым вопросам на предприятии, составление прогнозов развития персонала, выявление возникающих проблем и подготовку возможных вариантов их решения.;1;0.48
261;095.rtf;tasks;. Обеспечивает постоянное совершенствование процессов управления персоналом предприятия на основе внедрения социально-экономических и социально-психологических методов управления, передовых технологий кадровой работы, создания и ведения банка данных персонала, стандартизации и унификации кадровой документации, применения средств вычислительной техники, коммуникаций и связи. осуществляет методическое руководство и координацию деятельности структурных подразделений предприятия, обеспечивающих управление персоналом.;1;0.61
262;095.rtf;tasks;. Организует проведение необходимого учета и составления отчетности.;1;0.39
263;095.rtf;tasks;.;1;0.19
264;095.rtf;rights;Заместитель директора по управлению персоналом имеет право:;1;0.21
265;095.rtf;rights;Действовать от имени предприятия, представлять интересы предприятия во взаимоотношениях с иными структурными подразделениями предприятия, организациями и органами государственной власти по вопросам формирования, использования и развития персонала предприятия.;1;0.4
266;095.rtf;rights;Запрашивать и получать от руководителей структурных подразделений предприятия и специалистов необходимую информацию.;1;0.55
267;095.rtf;rights;Участвовать в подготовке проектов приказов, указаний, положений, инструкций и других документов, связанных с вопросами формирования, использования и развития персонала предприятия.;1;0.38
268;095.rtf;rights;Давать руководителям структурных подразделений предприятия указания, по вопросам, связанным с персоналом.;1;0.4
269;095.rtf;rights;Самостоятельно вести переписку со структурными подразделениями предприятия а также иными организациями по вопросам, входящим в его компетенцию.;1;0.64
270;095.rtf;rights;Вносить предложения директору предприятия о привлечении к материальной и дисциплинарной ответственности должностных лиц по результатам проверок.;1;0.31
271;095.rtf;respons;Заместитель директора по управлению персонало несет ответственность:;1;0.12
272;095.rtf;respons;За ненадлежащее исполнение или неисполнение своих должностных обязанностей, предусмотренных настоящей должностной инструкцией - в пределах, определенных действующим трудовым законодательством Российской Федерации.;1;0.23
273;095.rtf;respons;За правонарушения, совершенные в процессе осуществления своей деятельности - в пределах, определенных действующим административным, уголовным и гражданским законодательством Российской Федерации.;1;0.26
274;095.rtf;respons;За причинение материального ущерба - в пределах, определенных действующим трудовым и гражданским законодательством Российской Федерации.;1;0.27
275;096.rtf;common;Заместитель начальника отдела материально-технического снабжения по планированию относится к категории руководителей.;1;0.3
276;096.rtf;common;На должность заместителя начальника отдела материально-технического снабжения по планированию назначается лицо, имеющее высшее профессиональное образование и стаж работы по специальности не менее лет.;1;0.2
277;096.rtf;common;Назначение на должность заместителя начальника отдела материально-технического снабжения по планированию и освобождение от нее производится приказом директора предприятия по представлению начальника отдела материально-технического снабжения.;1;0.32
278;096.rtf;common;Заместитель начальника отдела материально-технического снабжения по планированию должен знать:;1;0.3
279;096.rtf;common;Постановления, распоряжения, приказы, другие руководящие и нормативные документы вышестоящих и других органов, касающиеся деятельности отдела.;1;0.21
280;096.rtf;common;Основы организации материально-технического снабжения, погрузочно-разгрузочных работ.;1;0.34
281;096.rtf;common;Правила и порядок приема и отправки грузов, заказа контейнеров и транспортных средств, оформления документов на получение и отправление продукции, ее рекламацию в случае несоответствия техническим требованиям и условия поставки.;1;0.22
282;096.rtf;common;Действующие приказы и другие нормативные документы по номенклатуре поставок, нормы расхода сырья, материалов, приборов, инвентаря, условия их хранения и транспортировки.;1;0.1
283;096.rtf;common;Основы экономики, организации труда и управления.;1;0.24
284;096.rtf;common;Законодательство о труде и охране труда Российской Федерации.;1;0.21
285;096.rtf;common;Правила внутреннего трудового распорядка.;1;0.22
286;096.rtf;common;Правила и нормы охраны труда, техники безопасности, производственной санитарии и противопожарной защиты.;1;0.3
287;096.rtf;common;Заместитель начальника отдела материально-технического снабжения по планированию подчиняется непосредственно начальнику отдела.;1;0.68
288;096.rtf;common;На время отсутствия заместителя начальника отдела материально-технического снабжения по планированию (командировка, отпуск, болезнь, пр.) его обязанности исполняет лицо, назначенное в установленном порядке. Данное лицо приобретает соответствующие права и несет ответственность за надлежащее исполнение возложенных на него обязанностей.;1;0.43
289;096.rtf;tasks;Заместитель начальника отдела материально-технического снабжения по планированию:;1;0.33
290;096.rtf;tasks;Руководит работой отдела по составлению расчетов потребности в сырье и материалах на производство продукции.;1;0.51
291;096.rtf;tasks;Представляет начальнику отдела материально-технического снабжения для утверждения проекты текущих, годовых планов потребности организации в сырье и материалах.;1;0.35
292;096.rtf;tasks;Проводит анализ движения материалов на складах.;1;0.21
293;096.rtf;tasks;Осуществляет контроль и корректировку потребности производственных подразделений в материальных ресурсах в связи с изменением номенклатуры выпуска.;1;0.34
294;096.rtf;tasks;Составляет исполнительный баланс на материалы для производства основной продукции и установления отклонений по наличию материалов.;1;0.4
295;096.rtf;tasks;Готовит предложения начальнику отдела материально-технического снабжения об использовании материалов, которые находятся без движения и о способах их реализации.;1;0.47
296;096.rtf;tasks;Участвует в комиссии по инвентаризации сырья и материалов на складах организации.;1;0.2
297;096.rtf;tasks;Подготавливает статистическую отчетность об использовании и движении материальных ресурсов по утвержденным формам.;1;0.22
298;096.rtf;tasks;Получает:;1;0.19
299;096.rtf;tasks;От производственных структурных подразделений организации  - планов производства на текущий и планируемый период для расчета потребности в материальных ресурсах.;1;0.7
300;096.rtf;tasks;От складов отдела материально-технического снабжения - сведений о движении и остатках материальных ценностей.;1;0.43
301;096.rtf;tasks;От руководства технических служб организации - норм расхода материалов на выпускаемую продукцию, изменений в конструкциях для перерасчета потребности в материалах.;1;0.57
302;096.rtf;tasks;. Принимает участие в реализации мер экономного использования материальных ресурсов путем снижения затрат на их приобретение, доставку и хранение.;1;0.19
303;096.rtf;tasks;. Контролирует работу складов цехов по хранению, учету и использованию материальных ресурсов.;1;0.34
304;096.rtf;rights;Заместитель начальника отдела материально-технического снабжения по планированию вправе:;1;0.32
305;096.rtf;rights;Знакомиться с проектами решений директора организации, касающихся деятельности отдела.;1;0.16
306;096.rtf;rights;Вносить на рассмотрение руководства организации предложения по совершенствованию работы, связанной с предусмотренными настоящей инструкцией обязанностями.;1;0.2
307;096.rtf;rights;В пределах своей компетенции сообщать начальнику отдела материально-технического снабжения о всех выявленных в процессе своей деятельности недостатках и вносить предложения по их устранению.;1;0.39
308;096.rtf;rights;Осуществлять взаимодействие с руководителями всех (отдельных) структурных подразделений организации.;1;0.29
309;096.rtf;rights;Подписывать и визировать документы в пределах своей компетенции.;1;0.21
310;096.rtf;rights;Вносить предложения о поощрении отличившихся работников, наложении взысканий на нарушителей производственной и трудовой дисциплины.;1;0.29
311;096.rtf;rights;Требовать от директора организации, начальника отдела материально-технического снабжения оказания содействия в исполнении своих должностных обязанностей и прав.;1;0.27
312;096.rtf;respons;Заместитель начальника отдела материально-технического снабжения по планированию несет ответственность:;1;0.38
313;096.rtf;respons;За ненадлежащее исполнение или неисполнение своих должностных обязанностей, предусмотренных настоящей должностной инструкцией - в пределах, определенных действующим трудовым законодательством Российской Федерации.;1;0.23
314;096.rtf;respons;За правонарушения, совершенные в процессе осуществления своей деятельности - в пределах, определенных действующим административным, уголовным и гражданским законодательством Российской Федерации.;1;0.26
315;096.rtf;respons;За причинение материального ущерба - в пределах, определенных действующим трудовым и гражданским законодательством Российской Федерации.;1;0.27
316;097.rtf;common;Заместитель руководителя учреждения образования относится к категории руководителей.;1;0.06
317;097.rtf;common;На должность заместителя руководителя учреждения образования назначается лицо, имеющее высшее профессиональное образование и стаж работы не менее лет на педагогических или руководящих должностях.;1;0.06
318;097.rtf;common;Назначение на должность и освобождение от нее производится приказом;1;0.2
319;097.rtf;common;руководителя учреждения по представлению;1;0.16
320;097.rtf;common;Заместитель руководителя учреждения образования должен знать:;1;0.06
321;097.rtf;common;Конституцию Российской Федерации.;1;0.22
322;097.rtf;common;Законы РФ, постановления и решения Правительства РФ и органов управления образованием по вопросам образования и воспитания обучающихся (воспитанников).;1;0.17
323;097.rtf;common;Конвенцию о правах ребенка.;1;0.19
324;097.rtf;common;Педагогику, педагогическую психологию, достижения современной психолого-педагогической науки и практики;1;0.22
325;097.rtf;common;Основы физиологии, гигиены.;1;0.22
326;097.rtf;common;Теорию и методы управления образовательными системами.;1;0.24
327;097.rtf;common;Основы экономики, права, социологии.;1;0.19
328;097.rtf;common;Организацию финансово-хозяйственной деятельности учреждения.;1;0.15
329;097.rtf;common;Административное, трудовое и хозяйственное законодательство.;1;0.22
330;097.rtf;common;. Правила и нормы охраны труда, техники безопасности и противопожарной защиты.;1;0.23
331;097.rtf;common;Заместитель руководителя учреждения образования подчиняется непосредственно руководителю.;1;0.2
332;097.rtf;common;На время отсутствия заместителя руководителя учреждения образования его обязанности исполняет лицо, назначенное приказом директора учреждения. Данное лицо, приобретает соответствующие права и несет ответственность за качественное и своевременное исполнение возложенных на него обязанностей.;1;0.08
333;097.rtf;tasks;Заместитель руководителя учреждения образования:;1;0.08
334;097.rtf;tasks;Организует текущее и перспективное планирования деятельности педагогического коллектива.;1;0.33
335;097.rtf;tasks;Координирует работу преподавателей, воспитателей, мастеров производственного обучения и других педагогических работников по выполнению учебных планов и программ, а также разработку необходимой учебно-методической документации.;1;0.71
336;097.rtf;tasks;Руководит профессиональным обучением и планирует эту работу.;1;0.35
337;097.rtf;tasks;Осуществляет контроль за качеством образовательного и воспитательного процессов и объективностью оценки результатов образовательной подготовки обучающихся (воспитанников), работой кружков и факультативов.;1;0.29
338;097.rtf;tasks;Организует работу по подготовке и проведению экзаменов.;1;0.33
339;097.rtf;tasks;Координирует взаимодействие между представителями педагогической науки и практики.;1;0.33
340;097.rtf;tasks;Организует просветительскую работу для родителей.;1;0.39
341;097.rtf;tasks;Оказывает помощь педагогическим работникам в освоении и разработке инновационных программ и технологий.;1;0.28
342;097.rtf;tasks;Организует учебно-воспитательную (методическую, культурно-массовую, внеклассную) работу.;1;0.28
343;097.rtf;tasks;. Осуществляет контроль за учебной нагрузкой обучающихся (воспитанников).;1;0.29
344;097.rtf;tasks;. Составляет расписание учебных занятий и других видов учебной и воспитательной (в том числе культурно-досуговой) деятельности.;1;0.2
345;097.rtf;tasks;. Обеспечивает своевременное составление установленной отчетной документации.;1;0.35
346;097.rtf;tasks;. Оказывает помощь коллективам обучающихся (воспитанников) в проведении культурно-просветительных и оздоровительных мероприятий.;1;0.2
347;097.rtf;tasks;. Осуществляет комплектование и принимает меры по сохранению контингента обучающихся (воспитанников) в кружках и т.п.;1;0.2
348;097.rtf;tasks;. Участвует в подборе и расстановке педагогических кадров, организует повышение их квалификации и профессионального мастерства.;1;0.44
349;097.rtf;tasks;. Вносит предложения по совершенствованию образовательного процесса.;1;0.18
350;097.rtf;tasks;. Принимает участие в подготовке и проведении аттестации педагогических и других работников учреждения.;1;0.2
351;097.rtf;tasks;. Принимает меры по оснащению мастерских, учебных лабораторий и кабинетов современным оборудованием, наглядными пособиями и техническими средствами обучения, пополнению библиотек и методических кабинетов учебно-методической и художественной литературой, журналами и газетами.;1;0.57
352;097.rtf;tasks;. Осуществляет контроль за состоянием медицинского обслуживания обучающихся (воспитанников), жилищно-бытовых условий в общежитиях.;1;0.17
353;097.rtf;tasks;. На время отсутствия руководителя учреждения образования (командировка,;1;0.25
354;097.rtf;tasks;отпуск, болезнь, пр.) исполняет его обязанности по вопросам;1;0.18
355;097.rtf;tasks;и несет ответственность за надлежащее их исполнение;1;0.19
356;097.rtf;rights;Заместитель руководителя учреждения образования имеет право:;1;0.11
357;097.rtf;rights;"Вносить на рассмотрение руководителя учреждения образования предложения по улучшению деятельности учреждения и совершенствованию методов работы; замечания по деятельности отдельных работников учреждения; варианты устранения имеющихся в деятельности учреждения недостатков.";1;0.11
358;097.rtf;rights;Участвовать в обсуждении вопросов, касающихся исполняемых им обязанностей.;1;0.24
359;097.rtf;rights;Осуществлять взаимодействие с сотрудниками всех (отдельных) структурных подразделений учреждения.;1;0.21
360;097.rtf;rights;Запрашивать лично или по поручению руководителя учреждения образования от руководителей структурных подразделений и отдельных специалистов информацию и документы, необходимые для выполнения его должностных обязанностей.;1;0.12
361;097.rtf;rights;Подписывать и визировать документы в пределах своей компетенции.;1;0.21
362;097.rtf;rights;"Вносить на рассмотрение руководителя учреждения представления о назначении, перемещении и увольнении работников учреждения образования; предложения об их поощрении или о наложении на них взысканий.";1;0.11
363;097.rtf;rights;Требовать от руководителя учреждения образования оказания содействия в исполнении сотрудником его должностных обязанностей и прав.;1;0.1
364;097.rtf;respons;Заместитель руководителя учреждения образования несет ответственность:;1;0.09
365;097.rtf;respons;За ненадлежащее исполнение или неисполнение своих должностных обязанностей, предусмотренных настоящей должностной инструкцией - в пределах, определенных действующим трудовым законодательством Российской Федерации.;1;0.23
366;097.rtf;respons;За правонарушения, совершенные в процессе осуществления своей деятельности - в пределах, определенных действующим административным, уголовным и гражданским законодательством Российской Федерации.;1;0.26
367;097.rtf;respons;За причинение материального ущерба - в пределах, определенных действующим трудовым и гражданским законодательством Российской Федерации.;1;0.27
368;098.rtf;common;Зоотехник относится к категории специалистов.;1;0.19
369;098.rtf;common;На должность зоотехника назначается лицо, имеющее;1;0.17
370;098.rtf;common;"(высшее; среднее";1;0.22
371;098.rtf;common;профессиональное образование по профилю выполняемой работы;1;0.13
372;098.rtf;common;(без;1;0.22
373;098.rtf;common;"предъявления требований к  стажу работы;стаж работы по профилю (в должности";1;0.2
374;098.rtf;common;зоотехника) не менее лет);1;0.22
375;098.rtf;common;Назначение на должность зоотехника и освобождение от нее производится;1;0.2
376;098.rtf;common;приказом директора организации по представлению;1;0.19
377;098.rtf;common;Зоотехник должен знать:;1;0.19
378;098.rtf;common;Постановления, распоряжения, приказы, другие руководящие и нормативные документы вышестоящих и других органов, касающиеся вопросов сельскохозяйственного производства и производственно-хозяйственной деятельности отделения (фермы, сельскохозяйственного участка).;1;0.22
379;098.rtf;common;Технологию животноводства.;1;0.22
380;098.rtf;common;Основы экономики, организации производства, труда и управления, системы оплаты труда, материального и морального стимулирования, методы нормирования труда.;1;0.32
381;098.rtf;common;Основы земельного законодательства.;1;0.22
382;098.rtf;common;Законодательство о труде и охране труда Российской Федерации.;1;0.21
383;098.rtf;common;Основы экономики, организации труда, сельскохозяйственного производства и управления.;1;0.28
384;098.rtf;common;Правила внутреннего трудового распорядка.;1;0.22
385;098.rtf;common;Правила охраны труда, техники безопасности, производственной санитарии и противопожарной защиты.;1;0.3
386;098.rtf;common;Зоотехник подчиняется непосредственно;1;0.19
387;098.rtf;common;(управляющему отделением;1;0.22
388;098.rtf;common;"(фермой,сельскохозяйственным участком); иному должностному лицу)";1;0.15
389;098.rtf;common;На время отсутствия зоотехника (командировка, отпуск, болезнь, пр.) его обязанности исполняет лицо, назначенное в установленном порядке. Данное лицо приобретает соответствующие права и несет ответственность за надлежащее выполнение возложенных на него обязанностей.;1;0.29
390;098.rtf;tasks;Зоотехник:;1;0.19
391;098.rtf;tasks;Проводит научные исследования в области животноводства.;1;0.18
392;098.rtf;tasks;Изучает и внедряет передовые методы разведения, выращивания скота и птицы.;1;0.22
393;098.rtf;tasks;Производит расчеты требуемого количества кормов для обслуживания животных и представляет их на утверждение руководству.;1;0.22
394;098.rtf;tasks;Производит отбор животных на племя, отбор и подбор пар.;1;0.19
395;098.rtf;tasks;Определяет режим содержания животных (температура, влажность воздуха, газообмен, пр.) и осуществляет контроль за его соблюдением.;1;0.15
396;098.rtf;tasks;Осуществляет контроль и координирует работу по разведению, выращиванию животных и ухода за ними.;1;0.18
397;098.rtf;tasks;Организует работы по искусственному вскармливанию молодняка и ухода за ним.;1;0.28
398;098.rtf;tasks;Разрабатывает мероприятия по проведению санитарно-профилактических работ, уборке и чистке животных.;1;0.13
399;098.rtf;tasks;Организует учет продуктивности животных.;1;0.2
400;098.rtf;rights;Зоотехник вправе:;1;0.21
401;098.rtf;rights;Знакомиться с проектами решений руководства организации, касающихся его деятельности.;1;0.22
402;098.rtf;rights;Вносить на рассмотрение руководства предложения по совершенствованию работы, связанной с предусмотренными настоящей инструкцией обязанностями.;1;0.2
403;098.rtf;rights;В пределах своей компетенции сообщать своему непосредственному руководителю о всех выявленных в процессе осуществления должностных обязанностей недостатках в деятельности предприятия (его структурных подразделениях) и вносить предложения по их устранению.;1;0.38
404;098.rtf;rights;Запрашивать лично или по поручению руководства организации от подразделений организации и иных специалистов информацию и документы, необходимые для выполнения его должностных обязанностей.;1;0.25
405;098.rtf;rights;Привлекать специалистов всех (отдельных) структурных подразделений к решению задач, возложенных на него (если это предусмотрено положениями о структурных подразделениях, если нет - то с разрешения руководителя организации).;1;0.28
406;098.rtf;rights;Требовать от руководства организации оказания содействия в исполнении им его должностных обязанностей и прав.;1;0.21
407;098.rtf;respons;Зоотехник несет ответственность:;1;0.26
408;098.rtf;respons;За ненадлежащее исполнение или неисполнение своих должностных обязанностей, предусмотренных настоящей должностной инструкцией - в пределах, определенных действующим трудовым законодательством Российской Федерации.;1;0.23
409;098.rtf;respons;За правонарушения, совершенные в процессе осуществления своей деятельности - в пределах, определенных действующим административным, уголовным и гражданским законодательством Российской Федерации.;1;0.26
410;098.rtf;respons;За причинение материального ущерба - в пределах, определенных действующим трудовым и гражданским законодательством Российской Федерации.;1;0.27
411;099.rtf;common;Зубной врач относится к категории специалистов.;1;0.11
412;099.rtf;common;На должность зубного врача назначается лицо, имеющее среднее медицинское;1;0.04
413;099.rtf;common;"образование по специальности ""Зубоврачебное дело"" и";1;0.15
414;099.rtf;common;"(имеющее; не";1;0.19
415;099.rtf;common;¤;1;0.22
416;099.rtf;common;имеющее)(I, II, высшую);1;0.19
417;099.rtf;common;квалификационную(ой) категорию (и).;1;0.22
418;099.rtf;common;Назначение на должность зубного врача и освобождение от нее производится приказом руководителя учреждения.;1;0.08
419;099.rtf;common;Зубной врач должен знать:;1;0.12
420;099.rtf;common;Законы Российской Федерации и иные нормативные правовые акты по вопросам здравоохранения.;1;0.17
421;099.rtf;common;Современные методы диагностики, лечения заболеваний и поражений зубов, полости рта и челюстно-лицевой области.;1;0.22
422;099.rtf;common;Основы организации стоматологической помощи.;1;0.22
423;099.rtf;common;Современную аппаратуру, инструментарий и материалы, применяемые в стоматологии.;1;0.22
424;099.rtf;common;Действия персонала при обнаружении больного с признаками особо опасных инфекций, СПИДа.;1;0.2
425;099.rtf;common;Приемы реанимации, основы асептики и антисептики, методику стерилизации инструментария, методы оказания первой помощи при кровотечении, коллапсе, анафилактическом шоке.;1;0.22
426;099.rtf;common;"Законодательство о труде и охране труда Российской Федерации; правила внутреннего трудового распорядка.";1;0.21
427;099.rtf;common;Правила и нормы охраны труда, техники безопасности, производственной санитарии и противопожарной защиты.;1;0.3
428;099.rtf;common;Зубной врач подчиняется непосредственно;1;0.11
429;099.rtf;common;На время отсутствия зубного врача (отпуск, болезнь, пр.) его обязанности исполняет лицо, назначенное в установленном порядке.;1;0.27
430;099.rtf;tasks;Зубной врач:;1;0.12
431;099.rtf;tasks;Осуществляет диагностику и лечение заболеваний и поражений зубов, полости рта и челюстно-лицевой области.;1;0.21
432;099.rtf;tasks;Подготавливает стоматологическое оборудование к работе, осуществляет контроль исправности, правильности эксплуатации, техники безопасности.;1;0.59
433;099.rtf;tasks;Проводит инструментальное обследование зубов и патологических зубодесневых карманов, мягких и твердых тканей челюстно-лицевой области, определяет степень подвижности зубов, интенсивность воспаления слизистой оболочки полости рта.;1;0.18
434;099.rtf;tasks;Берет биоматериал для исследования.;1;0.19
435;099.rtf;tasks;Проводит обучение пациентов индивидуальной гигиене полости рта.;1;0.21
436;099.rtf;tasks;Осуществляет профилактику, диагностику и лечение всех видов кариеса и его осложнений, заболеваний височно-челюстного сустава.;1;0.21
437;099.rtf;tasks;Осуществляет уход за больными с повреждениями челюстно-лицевой области.;1;0.21
438;099.rtf;tasks;Осуществляет профилактику, диагностику, оказывает первую стоматологическую помощь при острых одонтогенных воспалительных процессах.;1;0.19
439;099.rtf;tasks;Проводит местную и проводниковую анестезию.;1;0.18
440;099.rtf;tasks;. Осуществляет оперативное удаление зуба при ограниченных воспалительных процессах.;1;0.23
441;099.rtf;tasks;. Снимет оттиски. Получает диагностические модели и производит их анализ. Проводит этапное наблюдение, коррекцию протезов и ортодонтических аппаратов.;1;0.18
442;099.rtf;tasks;. Подготавливает пациентов к физиотерапевтическим процедурам, проводит простейшие физиотерапевтические процедуры, осуществляет контроль за состоянием пациента во время проведения процедуры.;1;0.29
443;099.rtf;tasks;". Обеспечивает инфекционную безопасность пациентов и медицинского персонала, асептики и антисептики; выполняет требования инфекционного контроля в стоматологическом отделении.";1;0.14
444;099.rtf;tasks;. Получает, хранит и использует лекарственные средства, стоматологические материалы, инструменты.;1;0.17
445;099.rtf;tasks;. Оформляет установленную Минздравом России медицинскую документацию.;1;0.11
446;099.rtf;tasks;. Обеспечивает соблюдение требований охраны труда, техники безопасности, гигиены труда, противопожарной безопасности при эксплуатации помещений, оборудования и аппаратуры, используемой в стоматологической практике.;1;0.34
447;099.rtf;tasks;. Соблюдает морально-правовые нормы профессионального общения, выполняет требования трудовой дисциплины.;1;0.15
448;099.rtf;tasks;. Проводит санитарно-просветительную работу, направленную на гигиеническое воспитание населения, пропаганду здорового образа жизни, профилактику стоматологических заболеваний.;1;0.18
449;099.rtf;rights;Зубной врач имеет право:;1;0.2
450;099.rtf;rights;Получать информацию, необходимую для качественного выполнения функциональных обязанностей.;1;0.29
451;099.rtf;rights;Вносить предложения руководству по совершенствованию качества стоматологической помощи населению, улучшению организации труда.;1;0.22
452;099.rtf;rights;Отдавать распоряжения младшему медицинскому персоналу стоматологического отделения, контролировать объем и качество выполненной ими работы, осуществлять контроль за работой техника по ремонту аппаратуры и оборудования.;1;0.46
453;099.rtf;rights;Принимать участие в работе совещаний, конференций, секций, медицинских ассоциаций, на которых рассматриваются вопросы, относящиеся к профессиональной компетенции.;1;0.08
454;099.rtf;respons;Зубной врач несет ответственность:;1;0.16
455;099.rtf;respons;За ненадлежащее исполнение или неисполнение своих должностных обязанностей, предусмотренных настоящей должностной инструкцией - в пределах действующего трудового законодательства Российской Федерации.;1;0.23
456;099.rtf;respons;За правонарушения, совершенные в процессе осуществления своей деятельности - в пределах действующего административного, уголовного и гражданского законодательства.;1;0.26
457;099.rtf;respons;За ошибки в проведении лечебных мероприятий, повлекшие за собой тяжкие последствия для пациента - в пределах действующего административного, уголовного и гражданского законодательства.;1;0.28
458;100.rtf;common;Зубной техник относится к категории специалистов.;1;0.19
459;100.rtf;common;На должность зубного техника назначается лицо, имеющее среднее медицинское;1;0.08
460;100.rtf;common;"образование по специальности ""Стоматология ортопедическая"" и";1;0.15
461;100.rtf;common;"(имеющее;";1;0.19
462;100.rtf;common;не имеющее)(I, II, высшую);1;0.19
463;100.rtf;common;квалификационную(ой) категорию (и).;1;0.22
464;100.rtf;common;Назначение на должность зубного техника и освобождение от нее производится приказом директора организации.;1;0.17
465;100.rtf;common;Зубной техник должен знать:;1;0.19
466;100.rtf;common;Основы медицинской стоматологической помощи.;1;0.1
467;100.rtf;common;Организацию производства зуботехнической лаборатории.;1;0.44
468;100.rtf;common;Основы строения и функций зубо-челюстной системы, биомеханику жевательного аппарата.;1;0.22
469;100.rtf;common;Сведения об основных стоматологических заболеваниях.;1;0.22
470;100.rtf;common;Теоретические и клинические основы ортодонтического лечения.;1;0.22
471;100.rtf;common;Правила чтения схем, формул и зарисовок полости рта.;1;0.22
472;100.rtf;common;Характеристики основных и вспомогательных материалов, применяемых в зубопротезной технике.;1;0.22
473;100.rtf;common;Ассортимент, маркировку, основные свойства применяемых материалов и полуфабрикатов.;1;0.22
474;100.rtf;common;Назначение и правила использования аппаратов, инструментария и приспособлений, используемых в зубо-технической лаборатории.;1;0.18
475;100.rtf;common;. Основные клинические этапы и технологии изготовления зубных (съемных, несъемных, бюгельных, челюстно-лицевых протезов и ортодонтических) аппаратов.;1;0.22
476;100.rtf;common;. Основные принципы плавки и литья сплавов металлов.;1;0.22
477;100.rtf;common;. Назначение и требования к каждому элементу и узлу в протезах, включая промежуточные этапы их изготовления.;1;0.22
478;100.rtf;common;. Основы конструкции современной зуботехнической аппаратуры для обжига фарфора, муфельных печей, литейной аппаратуры, устройств ультразвуковых и для светоотверждения и др..;1;0.31
479;100.rtf;common;. Технологию применения фарфора и металлокерамики в зубопротезной технике.;1;0.22
480;100.rtf;common;. Причины, приводящие к браку, и способы его выявления, устранения, предупреждения.;1;0.22
481;100.rtf;common;. Законодательство о труде и охране труда Российской Федерации.;1;0.21
482;100.rtf;common;. Правила внутреннего трудового распорядка.;1;0.22
483;100.rtf;common;. Правила и нормы охраны труда, техники безопасности, производственной санитарии и противопожарной защиты.;1;0.3
484;100.rtf;common;Зубной техник подчиняется непосредственно;1;0.19
485;100.rtf;tasks;Зубной техник:;1;0.19
486;100.rtf;tasks;Осуществляет подготовку стоматологического оборудования и оснащения зуботехнической лаборатории к работе, контроль исправности, правильности эксплуатации.;1;0.62
487;100.rtf;tasks;"Самостоятельно изготавливает различные виды искусственных коронок, включая металлокерамику; простые конструкции штифтовых зубов; конструкции мостовидных протезов; съемные пластиночные протезы; бюгельные протезы; соответствующие программам ортодонтические и челюстно-лицевые конструкции.";1;0.28
488;100.rtf;tasks;Проводит оценку слепков (оттисков) и получает соответствующие рабочие модели из различных материалов.;1;0.18
489;100.rtf;tasks;Изготавливает индивидуальные ложки, восковые базисы с окклюзионными валиками и проводит постановку искусственных зубов.;1;0.18
490;100.rtf;tasks;Создает из воска элементы, узлы и детали зубочелюстных протезов, ортодонтических аппаратов.;1;0.19
491;100.rtf;tasks;Проводит замену восковой композиции на пластмассу или металлический сплав.;1;0.18
492;100.rtf;tasks;Производит штамповку протезов из нержавеющей стали и других материалов.;1;0.19
493;100.rtf;tasks;Проводит паяние, сплавку, обжиг, отбеливание, отделку, полировку деталей, протезов и аппаратов и др.;1;0.18
494;100.rtf;tasks;Проводит асептическую обработку слепков, протезов.;1;0.18
495;100.rtf;tasks;. Соблюдает требования охраны труда, техники безопасности, гигиены труда, противопожарной безопасности при эксплуатации помещений, оборудования и аппаратуры, используемой в стоматологической практике.;1;0.29
496;100.rtf;tasks;. Оформляет установленную Минздравом России медицинскую документацию.;1;0.11
497;100.rtf;tasks;. Получает, хранит, осуществляет учет использования лекарственных средств, стоматологических материалов, инструментов. Оформляет заявки на получение зуботехнических материалов.;1;0.32
498;100.rtf;tasks;. Соблюдает морально-правовые нормы профессионального общения, выполняет требования трудовой дисциплины.;1;0.15
499;100.rtf;tasks;. Проводит санитарно-просветительную работу.;1;0.18
500;100.rtf;tasks;. Регулярно повышает квалификацию.;1;0.22
501;100.rtf;tasks;. Оказывает доврачебную помощь при неотложных состояниях.;1;0.2
502;100.rtf;rights;Зубной техник вправе:;1;0.21
503;100.rtf;rights;Получать информацию, необходимую для качественного выполнения функциональных обязанностей.;1;0.29
504;100.rtf;rights;Вносить предложения руководству по совершенствованию качества стоматологической помощи населению, улучшению организации труда.;1;0.22
505;100.rtf;rights;Отдавать распоряжения младшему медицинскому персоналу зуботехнической лаборатории, контролировать объем и качество выполненной ими работы, осуществлять контроль за работой техника по ремонту аппаратуры и оборудования.;1;0.46
506;100.rtf;rights;Принимать участие в работе совещаний, конференций, секций, на которых рассматриваются вопросы, относящиеся к профессиональной компетенции.;1;0.17
507;100.rtf;rights;Повышать квалификацию и аттестоваться на присвоение квалификационных категорий.;1;0.25
508;100.rtf;respons;Зубной техник несет ответственность:;1;0.26
509;100.rtf;respons;За ненадлежащее исполнение или неисполнение своих должностных обязанностей, предусмотренных настоящей должностной инструкцией - в пределах, определенных действующим трудовым законодательством Российской Федерации.;1;0.23
510;100.rtf;respons;За правонарушения, совершенные в процессе осуществления своей деятельности - в пределах, определенных действующим административным, уголовным и гражданским законодательством Российской Федерации.;1;0.26
511;100.rtf;respons;За причинение материального ущерба - в пределах, определенных действующим трудовым и гражданским законодательством Российской Федерации.;1;0.27
